id,mv_key_img,movie_id
1,https://scontent-lhr3-1.cdninstagram.com/vp/11b9128be9d1dd9886f3edfe1cada808/5D701738/t51.2885-15/e35/s240x240/51171019_408988999837250_7457752866664543096_n.jpg?_nc_ht=scontent-lhr3-1.cdninstagram.com&ig_cache_key=MTk3NDQ2NTk3NDM3OTk0NTM0Ng%3D%3D.2,1
2,http://mblogthumb1.phinf.naver.net/MjAxODAyMTRfMTY3/MDAxNTE4NTg2MDg4NzA4.-CdCLp-ELzevS48bSecmQqPH5wDoy65-n6pjDgarZVYg.MpAOoHuRU8zpkT9mA_jGePlvBqlqs7E9JM3q0P4IdEMg.JPEG.beanniebinny/%ED%96%89%EB%B3%B5%EB%AA%A9%EC%9A%95%ED%83%955.jpg?type=w800,1
3,http://ticketimage.interpark.com/Movie/news_image/1703/0315_happy_s2.jpg,1
4,https://t1.daumcdn.net/thumb/R1280x0/?fname=http://t1.daumcdn.net/brunch/service/user/1plM/image/qMmIfWmneKk-bkbxYQ763LwGBnI.jpg,2
5,http://cfile219.uf.daum.net/image/277B794455F18A8E32AAD0,2
6,http://images.kstars.kr/data/images/full/20291/akr20150902184500005_02_i-jpg-jpg.jpg?w=600,2
7,https://scontent-lht6-1.cdninstagram.com/vp/0635025fa77eaa2f315da6b5187112e2/5D6BD132/t51.2885-15/e35/51479776_611977345918775_8618277408766182186_n.jpg?_nc_ht=scontent-lht6-1.cdninstagram.com&se=8&ig_cache_key=MTk3MzE0NDY3MzUwMzQwMzQxOQ%3D%3D.2,3
8,http://cfile226.uf.daum.net/image/27795B3F57F88A1E1F9381,3
9,https://t1.daumcdn.net/cfile/tistory/231533395771507524,3
10,https://t1.daumcdn.net/cfile/tistory/264DCE4E569673D009,4
11,https://t1.daumcdn.net/cfile/tistory/27290048569678A623,4
12,http://coffeetv.co.kr/data/wp/2016/03/diary-3.jpg,4
13,http://www.kongaru.net/img_up/shop_pds/mediamall/bbs/mediamall/add_img/2018/41541759192.png,5
14,https://t1.daumcdn.net/thumb/R720x0/?fname=http://t1.daumcdn.net/brunch/service/user/6KDB/image/-cfKX-ERBIjnYNBki4BUFJngcpU.png,5
15,http://www.kongaru.net/img_up/shop_pds/mediamall/bbs/mediamall/add_img/2018/51541759206.jpg,5
16,https://t1.daumcdn.net/cfile/tistory/120B47574D3EC7C710,6
17,https://ppss.kr/wp-content/uploads/2015/11/%EC%B9%B4%EB%AA%A8%EB%A9%94-%EC%8B%9D%EB%8B%B9.jpg,6
18,http://file2.instiz.net/data/file/20141216/3/f/9/3f9ffbc1964583f0a9951cd6d18d35c1.jpg,6
19,https://t1.daumcdn.net/cfile/tistory/2503584452673B0812,7
20,http://www.topstarnews.net/news/photo/201904/607462_293722_4017.jpg,7
21,https://i.ytimg.com/vi/nT3T2A7tjMo/maxresdefault.jpg,7
22,http://news.maxmovie.com/wp-content/uploads/2015/02/20180220_jym_m_100004.jpg,8
23,https://cdn.indiepost.co.kr/uploads/images/2018/04/10/7gKcGA-700x468.jpeg,8
24,https://i.pinimg.com/originals/34/4f/34/344f34b11fce5dcd68772810ff075c05.jpg,8
25,http://ojsfile.ohmynews.com/STD_IMG_FILE/2017/0811/IE002202104_STD.jpg,9
26,https://t1.daumcdn.net/cfile/tistory/2567BC4956E84FBA0A,9
27,https://t1.daumcdn.net/cfile/tistory/245F8B4856E8508E0D,9
28,http://www.artinsight.co.kr/data/news/1809/1988088618_cZ0BjHgS_131.jpg,10
29,http://image.cine21.com/cine21/still/2012/0517/35123_4fb4c42be2a99_1.jpg,10
30,"https://dhgywazgeek0d.cloudfront.net/watcha/image/upload/c_fill,h_1080,q_80,w_1920/v1464340666/man1f5-143736.jpg",10
31,"https://dhgywazgeek0d.cloudfront.net/watcha/image/upload/c_fill,h_1080,q_80,w_1920/v1463571817/mcz3bo-29778.jpg",11
32,http://contents.cgv.co.kr/Upload/Gallery/00085/85095/85095_o.jpg,11
33,https://pbs.twimg.com/media/A21tIVQCEAA5XE8.jpg,11
34,https://encrypted-tbn0.gstatic.com/images?q=tbn:ANd9GcTgud4Ta6RtFynYWFtzss9IsVvu-yFV2bquNjevguhz0ds4rVq2,12
35,https://scontent-yyz1-1.cdninstagram.com/vp/542c8286f959866ae6e11ae29fa7fc6c/5D520758/t51.2885-15/e35/53535908_155925758775296_8399187322527472189_n.jpg?_nc_ht=scontent-yyz1-1.cdninstagram.com,12
36,https://scontent-lht6-1.cdninstagram.com/vp/51b613a28fa9d004df6b859b8141fbcc/5D59C4A3/t51.2885-15/e35/56957827_2640112499396148_865980586520424860_n.jpg?_nc_ht=scontent-lht6-1.cdninstagram.com&se=7&ig_cache_key=MjAyNTM5NDk4MTc0OTY4OTQxMg%3D%3D.2,12
37,http://mblogthumb2.phinf.naver.net/MjAxODA0MDRfNTYg/MDAxNTIyODAyNDg0NjI2.4_MGTOTlCx470bTHRJbId7pHzeb_jdbyQ05xWxOJ9Pcg.x3J7C_BjkottLxMpPEBbh9H-_E03gltPU6K-7AcvWHIg.JPEG.ds1pob/image_5851363481522802482236.jpg?type=w800,13
38,http://pic.filecast.co.kr/fc/49/fc49e1320042709243588547bd545f97.jpg,13
39,http://mblogthumb2.phinf.naver.net/20160408_257/willbeking68_1460101807636TQEpz_JPEG/Rincos.Restaurant.2010.DVDRip.XviD.AC3-RoCo.avi_005146636.jpg?type=w800,13
40,https://www.noodlelovers.com/upload_data/WebEditor/%EC%9D%BC%EB%B3%B8%EC%B6%9C%EC%9E%A50311291203%EB%A9%B4%EA%B8%B0%ED%96%89-%EA%B9%80%EB%AF%BC%EC%98%81-127.jpg,14
41,https://i.ytimg.com/vi/MTay5e4Wa7M/maxresdefault.jpg,14
42,https://www.noodlelovers.com/upload_data/WebEditor/%EC%9D%BC%EB%B3%B8%EC%B6%9C%EC%9E%A50311291203%EB%A9%B4%EA%B8%B0%ED%96%89-%EA%B9%80%EB%AF%BC%EC%98%81-047.jpg,14
43,https://i.ytimg.com/vi/8rr5iY4Q2Zc/maxresdefault.jpg,15
44,http://www.dentin.kr/data/photos/20130104/art_1358789177.jpg,15
45,https://cdnb.pikicast.com/500/2015/02/23/500_7826394_1441596035.jpg,15
46,http://cdn.news2day.co.kr/news-images/peg/news/20170206/IGU4uijxv16jv877oGgD8RGJVAFHEAXy7imjocPl-1486366024.jpg,16
47,https://t1.daumcdn.net/cfile/tistory/99831F475C04901E38,16
48,https://t1.daumcdn.net/cfile/tistory/99F439455AE401BF39,16
49,https://thumb-wishbeen.akamaized.net/medium/img-wishbeen.akamaized.net/post/1435198098815_800px-Daibutsu-den_in_Todaiji_Nara02bs3200.jpg,17
50,https://img-wishbeen.akamaized.net/spot/thumb_1416556364223_Kyoto.jpg,17
51,https://thumb-wishbeen.akamaized.net/medium/img-wishbeen.akamaized.net/post/1435197060346_800px-Kobe_Mosaic06s4s3200.jpg,17
52,http://www.artinsight.co.kr/data/tmp/1606/220f1b5bf405196e0d5ad02dc5dd8e69_xaxvPIklQYfHtg7.jpg,18
53,http://image.chosun.com/sitedata/image/201307/26/2013072602721_0.jpg,18
54,https://post-phinf.pstatic.net/MjAxNzA2MTNfMTcx/MDAxNDk3MzM1NDYxMzA2.2tclt44iJyhFr8CGjN1tQNt3QIoNNLEgT93h78_RBI0g.fd4ynH4rst_M54c_gg6tmCIM1oaNdkU9_taeki1KkyIg.JPEG/14.jpg?type=w1200,18
55,http://pds15.egloos.com/pds/200907/25/72/b0082172_4a6ab1aa60bdc.jpg,19
56,http://www.3minlab.com/wp-content/uploads/2019/03/%EC%B4%88%EC%86%8D5%EC%84%BC%ED%8B%B0%EB%AF%B8%ED%84%B01.jpg,19
57,http://thumbnail.egloos.net/600x0/http://pds3.egloos.com/pds/200707/27/48/e0031248_12070798.jpg,19
58,http://news.imaeil.com/inc/photos/2018/06/01/2018060111065624212_l.jpg,20
59,https://scontent-atl3-1.cdninstagram.com/vp/a7ce2bf08d4e70861164e36a668fea08/5D6F02AD/t51.2885-15/e35/54512985_401339604028706_2244913265776334748_n.jpg?_nc_ht=scontent-atl3-1.cdninstagram.com,20
60,https://scontent-sjc3-1.cdninstagram.com/vp/4abd40e2a0c6b3a19be1416cefb030d8/5D66B281/t51.2885-15/e35/s320x320/58812222_285433559045399_8096088424562676899_n.jpg?_nc_ht=scontent-sjc3-1.cdninstagram.com,20
61,http://m.cuonet.com/data/file/community2/2009147835_nViOrhWX_jose.jpg,21
62,http://www.artinsight.co.kr/data/tmp/1703/6a5b4d079c3d71cdfa8ccdc979789b8d_coWA7UA8KLbRxyCVe4jsAnPfsT9HHqdi.JPG,21
63,http://mblogthumb3.phinf.naver.net/MjAxNzAxMjlfMTQz/MDAxNDg1NjYwMDkyNTI5.GfabXPxseTxYa3zYpYrZ9nFlTa_Xssttr--M20Z2y6wg.NvZoysrqDuwsVUrP3Au3hggxn_P7FyAOJ20EYrs_XCQg.PNG.qwasqwas93/%EC%A1%B0%EC%A0%9C%2C%ED%98%B8%EB%9E%91%EC%9D%B4_%EA%B7%B8%EB%A6%AC%EA%B3%A0_%EB%AC%BC%EA%B3%A0%EA%B8%B0%EB%93%A4%EC%97%90_%EB%8C%80%ED%95%9C_%EC%9D%80%EC%9B%90%EC%9D%98_%EC%8B%9C%EC%A0%90003.PNG?type=w800,21
64,http://cfile224.uf.daum.net/image/217DC23858E4831A18EC4B,22
65,http://talkimg.imbc.com/TVianUpload/tvian/TViews/image/2017/03/23/ScjNI94LBwAm636258753454854371.jpg,22
66,http://ojsfile.ohmynews.com/STD_IMG_FILE/2017/0320/IE002127439_STD.jpg,22
67,https://t1.daumcdn.net/thumb/R720x0/?fname=http://t1.daumcdn.net/brunch/service/user/wlQ/image/KhlHol_C02ZaKHCUS26PO8NDN5U.jpg,23
68,http://mblogthumb2.phinf.naver.net/MjAxNzEyMjVfMTQ3/MDAxNTE0MTkwMTUyMjk1.RoPDRrC5uxmCVNyfJFk11bgbcrijWqMXzoQM1Whn0gIg.zaUsm8ETyigL085zAT3LUNKGEDJl94XDoojkibjL1Esg.JPEG.autumnk/0_%EC%98%A4%EB%A5%B4%EA%B3%A8%EC%82%BC%EA%B1%B0%EB%A6%AC2.jpg?type=w800,23
69,https://scontent.cdninstagram.com/vp/c81df144b970553715e9f8ddc6098745/5D66473C/t51.2885-15/e35/s480x480/55726602_451077372320822_4149875924178368201_n.jpg?_nc_ht=scontent-sea1-1.cdninstagram.com,23
70,http://mblogthumb1.phinf.naver.net/MjAxNzEyMTlfMTMz/MDAxNTEzNjQwNzUwNTM5.IzrPFMskQoKnS01BScLuyvMdKZ4cZmxInmFjlUhQOLog.rbkNVO-nk45V76kWHkZDr4O6-70pUdiC8l2hnR4WaEYg.JPEG.cowaykjw/1_00024.jpg?type=w800,24
71,https://img.insight.co.kr/static/2017/09/17/700/l9930131d7b898s513t1.jpg,24
72,https://t1.daumcdn.net/cfile/tistory/99275F335A0FBA0712,24
73,http://nimage.globaleconomic.co.kr/phpwas/restmb_allidxmake.php?idx=5&simg=2017101716461906522298b22ff2312114162187.jpg,25
74,https://scontent-sjc3-1.cdninstagram.com/vp/75958d6d306266d044dcd1aedf45b5b7/5D3B8791/t51.2885-15/sh0.08/e35/s640x640/55886230_136666810724829_6766662824042170970_n.jpg?_nc_ht=scontent-sjc3-1.cdninstagram.com,25
75,https://t1.daumcdn.net/cfile/tistory/9994854A5A65A67315,25
76,https://imgcp.aacdn.jp/img-a/1200/900/global-aaj-front/article/2015/09/560b48d633a85_560b440097e28_233530707.JPG,26
77,https://post-phinf.pstatic.net/MjAxODAzMzBfMTIw/MDAxNTIyMzkwNjc1NDAw.WYitqu92NwHUwCjRWNdyFIYeLU2fS9hp3YpNP3MthNAg.5vugZwjkYhzTOmN17a69lL7Ym5zvw3OuKf1Zd43hGjEg.JPEG/8-7.jpg?type=w1200,26
78,https://img.insight.co.kr/static/2016/08/16/700/A25Q523W2V018DUKYD6M.jpg,26
79,http://www.japanpr.com/files/attach/images/19866/043/310/012/%EB%B6%81%ED%88%AC%EC%96%B4_%EB%82%98%EB%AF%B8%EC%95%BC%EC%9E%A1%ED%99%94%EC%A0%90_%EB%A9%94%EC%9D%B8.jpeg,27
80,https://pds.joins.com//news/component/htmlphoto_mmdata/201804/04/a09077a8-745d-4db9-b9d2-983c31170407.jpg,27
81,https://scontent-lht6-1.cdninstagram.com/vp/2e659fffb63dcfbc0f076994b385ff82/5D488899/t51.2885-15/e35/56418402_2374182372868570_1572513618362998492_n.jpg?_nc_ht=scontent-lht6-1.cdninstagram.com&se=7&ig_cache_key=MjAyMzc3ODAyNDg0NDg3Njc3Mg%3D%3D.2,27
82,https://post-phinf.pstatic.net/MjAxOTAyMTNfMTkx/MDAxNTUwMDQxNzY0NTM2.-mAcGbvjbAi6dybTG0WDSj_2fHb1Pkj_V-XcYsWsdnQg.p3Az1KvLCOg78rMzSIILkjQI0HPLojFXmhv_D-3r9Q4g.PNG/image.png?type=w1200,28
83,http://cfile225.uf.daum.net/R400x0/9993E2425AF10F273029B0,28
84,http://www.japan-tour.jp/sites/default/files/styles/max_640_480/public/44_5.jpg?itok=q4f28eXt&slideshow=true&slideshowAuto=true&slideshowSpeed=4000&speed=350&transition=elastic,28
85,https://imgcp.aacdn.jp/img-a/1200/auto/global-aaj-front/article/2018/06/5b23366680508_5b2336406e868_1391754379.JPG,29
86,https://i.pinimg.com/originals/3c/bf/40/3cbf406cea2ab7bad48a5d14b0065d2e.png,29
87,https://t1.daumcdn.net/cfile/tistory/99CE52375A51CD9F2C,29
88,https://t1.daumcdn.net/cfile/tistory/254E2C495708286907,30
89,https://t1.daumcdn.net/thumb/R720x0/?fname=http://t1.daumcdn.net/brunch/service/user/3kT/image/iAiJg4aMSgJ6HQR6dS0jyU_aM9w.jpg,30
90,https://post-phinf.pstatic.net/MjAxODEyMThfNDIg/MDAxNTQ1MTQxOTM5MjI5.UycC7i53_viVHT0LBHD6mMj4VE-bn1lx-TqhP_uvhAkg.0t6SU6SBE6KOHtriu3vQHPa9h6Et8E1zlWQcX63S42og.JPEG/20170313_235322.jpg?type=w1200,30
91,https://scontent-atl3-1.cdninstagram.com/vp/256ed27e7a77f2fd218017dcd42dae8c/5D5C8246/t51.2885-15/e35/39121687_734718306883032_1721937403549057024_n.jpg?_nc_ht=scontent-atl3-1.cdninstagram.com,31
92,http://mblogthumb4.phinf.naver.net/MjAxODAyMjdfMjQ3/MDAxNTE5NzIwNDAyMzg5.2UTp-wsSkjqYr2s8Jjb5ci4iES4c0AFlkXy88G3CxU4g.xfpxEFmcD8Oz06UrORcnCePJdh2Ujt43sODsmLzYOicg.JPEG.bravojapan2/%EB%AF%B8%EB%9E%98%EB%A5%BC_%EA%B1%B7%EB%8A%94_%EC%86%8C%EB%85%80_15.jpg?type=w800,31
93,http://cfile222.uf.daum.net/image/23564C4D5200BCB217CF0F,31
94,https://extmovie.maxmovie.com/xe/files/attach/images/135/757/883/042/34ee39fbd817020113553c1e19fa776e.jpg,32
95,http://www.pointn.net/news/photo/201901/3108_3282_4913.jpg,32
96,https://t1.daumcdn.net/thumb/R1280x0/?fname=http://t1.daumcdn.net/brunch/service/user/301G/image/uEn_QwT_3Z_oGmWG6HujM2ihKLc.jpg,32
97,http://mblogthumb3.phinf.naver.net/20160324_294/kissangel007_14587672126563h7o0_JPEG/%B3%AA%B7%E7%C5%E4_%B1%D8%C0%E5%C6%C7_%283%29.jpg?type=w2,33
98,http://cinefox.com/Data.files/_S1/i/metadata_movie/still_image/1/1/5/032802edb07e68176e8f24c28cc3de04.jpg?lightbox[autoresize]=false,33
99,http://cimg.applefile.com/2012/06/30/flashmupload_1341025447750_68762_11006.jpg,33
100,http://cfile208.uf.daum.net/image/22478D4F54BFBCC816CE64,34
101,http://img77.dreamwiz.net/MV/2014/R/R3DJHqz_l.jpg,34
102,https://t1.daumcdn.net/cfile/tistory/993221335A04113F1D,34
103,https://mblogthumb-phinf.pstatic.net/MjAxNzEyMjBfODgg/MDAxNTEzNzQ4MTE3ODQ1.ZmO03vX8Trt410-oX2XxljIWzGzVEmaONfXPDQUhE7cg.kc3ctPf2d9VxFpL1N234SdDqWFICFD5blMjyCWlFsvgg.JPEG.oioi_01/3.jpg?type=w800,35
104,https://mblogthumb-phinf.pstatic.net/MjAxNzEyMjBfMjM3/MDAxNTEzNzQ0OTQxODEx.UNYEXSBF7QRPZiLnYwfrevGi-GYmCoiFy398EGpr4asg.DXOi7HUx4TA7jbp4u0lLKceUdQXHZfgLoKoF9yM5CLgg.GIF.oioi_01/1.gif?type=w800,35
105,http://mblogthumb1.phinf.naver.net/20140506_296/bbanzil2_139931456392387nQ2_JPEG/RUELL-Raws_One_Piece_Movie_5_The_Cursed_Holy_Sword_%28BD_1280x720_x264_FLAC%29-001.jpg?type=w2,36
106,https://mediacloud.laftel.net/2018/12/assets/1463/Thumbnail.0000227.jpg,36
107,https://img.onestore.co.kr/thumbnails/img_sac/600_400_F10_95/data8/SMILE_DATA8/IMG/PVOD/201608/08/0001708182/1/ST4_00000023654_1_1015.jpg,36
108,https://image.tmdb.org/t/p/w500_and_h282_face/ApuReZj3Gs5vmeMvdS4p90NnnYz.jpg,37
109,http://oimg.filejo.com/main/data/2013/01/04/zfFxV_1357266220.jpg,37
110,https://img.onestore.co.kr/thumbnails/img_sac/600_400_F10_95/data7/SMILE_DATA7/PVOD/201404/15/0002257441/1/0004112775/1/ST4_00000535617_1_1014_694x465.PNG,38
111,http://mblogthumb1.phinf.naver.net/MjAxODA4MjhfMjk0/MDAxNTM1NDI2NjQzNDc0.YcX5kny36xIb3JhEm78k72IjowzsFh-1ljO4wzYD9Ikg.p2U43UyuXCydLQM3bMDAtEhlQ41sgDz9rkmIklj4vIMg.JPEG.ptj0969/%EC%BA%A1%EC%B2%98_2018_08_28_11_52_56_995.jpg?type=w2,38
112,https://t3.daumcdn.net/thumb/R720x0/?fname=http://t1.daumcdn.net/brunch/service/user/1lcG/image/AIWidhVEJWl6ftuh3U_ieUFzHs4.jpg,39
113,https://t1.daumcdn.net/cfile/tistory/233F753F5651D45710,39
114,http://image.chosun.com/sitedata/image/201208/30/2012083001240_1.jpg,39
115,https://img1.daumcdn.net/thumb/R800x0/?scode=mtistory&fname=https%3A%2F%2Ft1.daumcdn.net%2Fcfile%2Ftistory%2F99762F405A7D46050A,40
116,http://seoulfoodfilm.cafe24.com/web/product/big/201605/40_shop1_849491.jpg,40
117,https://scontent-lga3-1.cdninstagram.com/vp/7fd4c776fb6805591dbac051696dcdfe/5D345B38/t51.2885-15/e35/c236.0.607.607a/19624461_663366900523081_5796489954330673152_n.jpg?_nc_ht=scontent-lga3-1.cdninstagram.com,41
118,https://t1.daumcdn.net/cfile/tistory/230E943D5924D74A05,41
119,https://t1.daumcdn.net/cfile/tistory/23500C3D5924D74B34,41
120,http://www.koreafilm.co.kr/movie/today_movie19/afterrain_11.jpg,42
121,http://www.koreafilm.co.kr/movie/today_movie19/afterrain_12.jpg,42
122,http://www.koreafilm.co.kr/movie/today_movie19/afterrain_5.jpg,42
123,http://www.lunarglobalstar.com/news/photo/201807/20594_20602_042.jpg,43
124,http://www.danbinews.com/news/photo/201506/5761_8778_528.jpg,43
125,https://t1.daumcdn.net/cfile/tistory/224D863A5903161029,43
126,http://mblogthumb1.phinf.naver.net/20150613_284/ddddibbbb_1434162668980s8PtF_JPEG/movie_imageNOWHK21Q.jpg?type=w2,44
127,http://www.mediawatch.kr/data/photos/200705/pp_124010_1_1178757270.jpg,44
128,http://cfs10.blog.daum.net/image/29/blog/2007/06/11/14/11/466cd97722d67,44
129,https://t1.daumcdn.net/thumb/R720x0/?fname=http://t1.daumcdn.net/brunch/service/user/6dVs/image/3BKna8b0gVGiWo8HTjGFEaXptAA.jpg,45
130,https://img.insight.co.kr/static/2019/04/02/700/zd85fet933601ge097n4.jpg,45
131,https://blogfiles.pstatic.net/MjAxODA3MTJfNDIg/MDAxNTMxMzY5OTI1OTU4.OxAl0_jo3CxKYniJjw_DvLQeMSnYX8obQipKaFtgSXMg.4johUbNtluEZjL8RZI-nrg502uZyuu57rw-q2oIoZtIg.JPEG.arahi428/640.jpg?type=w2,45
132,http://img.newspim.com/news/2017/05/10/1705100959034620.jpg,46
133,https://t1.daumcdn.net/thumb/R720x0/?fname=http://t1.daumcdn.net/brunch/service/user/3hoy/image/dmrBgG3FkFxK9P1tRqH6ETUiUVE.png,46
134,https://scontent-sea1-1.cdninstagram.com/vp/dff6761c2ad661cb5a6d744206133b94/5D55B0CB/t51.2885-15/e35/50229695_229285344616695_2920298357323316582_n.jpg?_nc_ht=scontent-sea1-1.cdninstagram.com&ig_cache_key=MTk1MDEwNDQwMDc3MzI0MTkzMA%3D%3D.2,46
135,http://angels.ivyro.net/zbxe/files/attach/images/16970/326/140/Kimi.ni.Todoke.2010.JAP.DVDRip.XviD.AC3-BAUM.avi_000187948.jpg,47
136,https://i.pinimg.com/originals/a2/5e/c2/a25ec262e0ba11dde55ced64a286eb12.jpg,47
137,http://mblogthumb2.phinf.naver.net/20160328_85/na75777_1459163267608SfEbN_JPEG/%B3%CA%BF%A1%B0%D4%B4%EA%B1%E2%B8%A67.JPG?type=w2,47
138,https://post-phinf.pstatic.net/MjAxODA0MTNfNDEg/MDAxNTIzNTk4MjMyMzg5.lyembRutyLvs5XMrENGo_UdVxdA0GZFKQMTRD5s54bwg.mcI-x0unrsETyxMkAtgqJF9v__x32axH4YAhH9Aq2aAg.JPEG/s5.jpg?type=w1200,48
139,https://post-phinf.pstatic.net/MjAxODA0MTNfNzUg/MDAxNTIzNTk2MjM3NDc3.bPIDgwj_lJkW3rUmkWrwEr41iiXp-Q8bdutL3u6aOtwg.aeDGdEIJCX91BSmuBrs9mEpuSRs3IP298cgA6I9PEHEg.JPEG/s1.jpg?type=w1200,48
140,https://post-phinf.pstatic.net/MjAxODA0MTNfNDgg/MDAxNTIzNTk4MjQwNzgx.xvV27bOBr6sZgbc_YmfPQMloNG1J2sYJbopDUeIeZ14g.Xa-zOG9NE9c464ocsittCuy4pkR8tC7rCfkBb9m2Hpcg.JPEG/s6.jpg?type=w1200,48
141,https://t4.daumcdn.net/thumb/R720x0/?fname=http://t1.daumcdn.net/brunch/service/user/42NJ/image/8lFRllxabf0tyGhsO8mphcI6WYk.jpg,49
142,https://img.insight.co.kr/static/2017/11/16/700/02qhv66q9pnu57m15389.jpg,49
143,http://img.ezmember.co.kr/cache/board/2017/09/30/db0ffdd6c22f3bcf9fd16f475c1b635c.jpg,49
144,https://t3.daumcdn.net/thumb/R720x0/?fname=http://t1.daumcdn.net/brunch/service/user/1lcG/image/9smrsl0_gM07f4L1jTGXka30GNc.jpg,50
145,http://ojsfile.ohmynews.com/STD_IMG_FILE/2008/1010/IE000970014_STD.jpg,50
146,http://danmee.chosun.com/site/data/img_dir/2009/08/13/2009081301374_0.jpg,50