id,title,keywords,code,imageUrl
1,행복목욕탕,"[1,2,3]",20161799,https://movie-phinf.pstatic.net/20170228_143/1488245074447LX2Np_JPEG/movie_image.jpg
2,앙:단팥 인생이야기,"[4,5]",20151623,https://movie-phinf.pstatic.net/20150807_87/14389125534750ate3_JPEG/movie_image.jpg
3,미나미 양장점의 비밀,"[6,7,8,5]",20163045,https://movie-phinf.pstatic.net/20160425_126/1461572676560b9fdE_JPEG/movie_image.jpg
4,바닷마을 다이어리,"[9,10,4,12]",20156102,https://movie-phinf.pstatic.net/20151109_152/1447031077714vyf9Q_JPEG/movie_image.jpg
5,요시노 이발관,"[1,3,12]",20090344,https://movie-phinf.pstatic.net/20111223_50/1324586057101BOTND_JPEG/movie_image.jpg
6,카모메식당,"[13,5,14,15,16]",20070390,https://movie-phinf.pstatic.net/20160203_157/1454467296351LzwR6_JPEG/movie_image.jpg
7,심야식당,"[17,18,19,4,19]",20173833,https://movie-phinf.pstatic.net/20150511_4/1431330764415K5DXQ_JPEG/movie_image.jpg
8,리틀 포레스트: 여름과 가을,"[12,20,5,21]",20145203,https://movie-phinf.pstatic.net/20150114_206/1421200132061BpI2D_JPEG/movie_image.jpg
9,안경,"[22,2,24,25]",20070665,https://movie-phinf.pstatic.net/20111222_100/1324535230290PtLdH_JPEG/movie_image.jpg
10,해피 해피 브레드,"[13,5]",20126446,https://movie-phinf.pstatic.net/20120604_50/1338795796070dwmOe_JPEG/movie_image.jpg
11,양과자점 코안도르,"[13,5]",20110986,https://movie-phinf.pstatic.net/20111223_238/1324640834839VIFyx_JPEG/movie_image.jpg
12,남극의 쉐프,"[26,24,25,27]",20100083,https://movie-phinf.pstatic.net/20111223_62/1324605642248KRRva_JPEG/movie_image.jpg
13,달팽이 식당,"[12,5]",20163407,https://movie-phinf.pstatic.net/20160802_267/1470106362241IL294_JPEG/movie_image.jpg
14,우동,"[28,27,29]",20068841,https://movie-phinf.pstatic.net/20111222_105/1324480593472MOxF0_JPEG/movie_image.jpg
15,스시 장인: 지로의 꿈,"[40,41]",20129286,https://movie-phinf.pstatic.net/20120823_120/1345691635525KJlrn_JPEG/movie_image.jpg
16,너의 이름은,"[4,30,12,71]",20161872,https://movie-phinf.pstatic.net/20171222_70/1513920001726sikUX_JPEG/movie_image.jpg
17,일본침몰,"[7,8,71,4,72,31]",20060241,https://movie-phinf.pstatic.net/20111222_186/1324505941965itzt8_JPEG/movie_image.jpg
18,원령공주,"[73,33,32,12]",20030047,https://movie-phinf.pstatic.net/20111222_63/1324483671210VVU36_JPEG/movie_image.jpg
19,초속 5센티미터,"[73,34,2]",20070202,https://movie-phinf.pstatic.net/20171027_14/15090665302182iwAz_JPEG/movie_image.jpg
20,지금 만나러 갑니다,[35],20050042,https://movie-phinf.pstatic.net/20180403_286/1522736958040KRAkQ_JPEG/movie_image.jpg
21,"조제, 호랑이 그리고 물고기들","[7,4]",20040703,https://movie-phinf.pstatic.net/20160202_231/14543780921258O8Ak_JPEG/movie_image.jpg
22,태양의 노래,[4],20070040,https://movie-phinf.pstatic.net/20170207_115/14864285933774Wzrd_JPEG/movie_image.jpg
23,러브레터,[36],20000067,https://movie-phinf.pstatic.net/20171127_78/1511758307203u31Hk_JPEG/movie_image.jpg
24,나는 내일 어제의 너와 만난다,"[7,42]",20176767,https://movie-phinf.pstatic.net/20170906_281/1504661660780autBq_JPEG/movie_image.jpg
25,너의 췌장을 먹고 싶어,[31],20186822,https://movie-phinf.pstatic.net/20170927_210/1506482182997qLEa4_JPEG/movie_image.jpg
26,센과 치히로의 행방불명,"[37,3,38]",20020168,https://movie-phinf.pstatic.net/20150113_96/1421113909808LPjqA_JPEG/movie_image.jpg
27,나미야 잡화점의 기적,[31],20179731,https://movie-phinf.pstatic.net/20180306_240/1520323527034cryNh_JPEG/movie_image.jpg
28,이웃집토토로,[39],19880001,https://movie-phinf.pstatic.net/20190507_131/1557194421303SpmS0_JPEG/movie_image.jpg
29,언어의 정원,"[4,19]",20139083,https://movie-phinf.pstatic.net/20130726_146/1374828800487vBtxQ_JPEG/movie_image.jpg
30,호타루의 빛,[30],20128976,https://i.pinimg.com/originals/f4/d0/b4/f4d0b4907b54b6febc1f41b9b1138c46.jpg
31,미래를 걷는 소녀,"[4,74]",20090472,https://t1.daumcdn.net/cfile/11333C0F4A76698B6E
32,우리가족:라멘샵,"[27,24,40]",20185416,https://post-phinf.pstatic.net/MjAxOTAxMDhfMTgz/MDAxNTQ2OTEwNjM4MDA4.V6nP1BMN7jDqDjvEyqhHeBqoRD0VvK1mCgjemhQ5JCAg.qRT0FR1XQah1hrAQsOGtuTy-qthkVL_ZtFbr_lsMZDgg.JPEG/lp02.jpg?type=w1200
33,나루토-대흥분! 초승달 섬의 애니멀 소동 음식,[68],20060402,http://image.kyobobook.co.kr/newimages/music/large/1253/2352172.jpg
34,더 라스트: 나루토 더 무비,[68],20156241,http://nj.darakwon.co.kr/201503/image/img_movie.jpg
35,하울의 움직이는 성,"[5,60]",20040756,http://image.yes24.com/Goods/62164623/800x0
36,원피스 극장판 5기: 저주받은 성검,[67],20048757,https://t1.daumcdn.net/cfile/tistory/215C754754259BFD0A
37,극장판 블리치 : 메모리즈 오브 노바디,[69],20135180,https://t1.daumcdn.net/cfile/146F1B10ACF72ADBE9
38,드래곤볼Z 6th : 격돌!! 100억 파워의 전사들!,[70],20149481,http://bitcdn.bit-play.com/unibox/2016/11/08/03/09877bdb41a21bb9a85ea6fe40cf0d25_2963797_450.jpg
39,하와이언 레시피,"[24,12]",20127467,http://cdnweb01.wikitree.co.kr/webdata/editor/201803/15/img_20180315165242_d9f4eee3.jpg
40,스키야키: 감방미식회,"[63,24]",20163406,http://mblogthumb1.phinf.naver.net/20160722_72/duckyhj_1469175933316ynedM_JPEG/Sukiyaki1-4.jpg?type=w2
41,너와 100번째 사랑,"[2,71,75]",20173642,https://t1.daumcdn.net/cfile/tistory/2246C336595A308D07
42,사랑은 비가 갠 뒤처럼,[78],20184274,http://www.koreafilm.co.kr/movie/today_movie19/afterrain_p1.jpg
43,한 여름의 판타지아,"[76,77]",20147803,http://t1.daumcdn.net/movie/58683b050451a2626dbdfe6c7a4decfbe09d0acb
44,눈물이 주룩주룩,"[33,22]",20070173,http://mblogthumb1.phinf.naver.net/20150613_64/ddddibbbb_1434162661626wgkdj_JPEG/movie_imageO6B98S6B.jpg?type=w2
45,고양이 여행 리포트,[12],20199623,http://img.cgv.co.kr/Movie/Thumbnail/Poster/000081/81741/81741_1000.jpg
46,목소리의 형태,"[42,79]",20170321,https://t1.daumcdn.net/cfile/tistory/22656F33598041C908
47,너에데 닿기를,"[42,79]",20111368,http://mblogthumb3.phinf.naver.net/20160801_46/juju7897_1470052304866eQH5M_JPEG/1.jpg?type=w2
48,한낮의 유성,"[4,12]",20177950,http://ojsfile.ohmynews.com/STD_IMG_FILE/2018/0420/IE002320086_STD.jpg
49,일주일간 친구,"[45,47,",20176422,https://post-phinf.pstatic.net/MjAxNzEyMjNfMjM2/MDAxNTE0MDI1Mzg2MDE5.We7npcdlQ2r3e3QTUrcGtr3lVMQQ647TRPpE7rN0EiUg.ESF7MJiSFmvevfGs9M0Nzp81DZRPERw5Sm9kiR_1XjUg.JPEG/movie_image-198.jpg?type=w1200
50,텐텐,"[4,79]",20081129,http://cfile214.uf.daum.net/image/121247044C768E59422884